first_name,middle_name,last_name,nickname,pseudonym,date_of_birth,place_of_birth,gender,ethnicity,net_worth_2023,education,highest_degree
William,Matthew,Currington,,Billy Currington,11/19/73,"Savannah, Georgia",Male,White,4500000,"Effingham County High School, Georgia",Diploma
Blake,Tollison,Shelton,,Blake Shelton,6/18/76,"Ada, Oklahoma",Male,White,120000000,Ada High School,Diploma
Brantley,Keith,Gilbert,,Brantley Gilbert,1/20/85,"Jefferson, Georgia",Male,White,15000000,Not Disclosed to the public,Diploma
Brett,Charles,Young,,Brett Young,3/23/81,"Anaheim, California",Male,White,3000000,"Calvary Chapel High School, California",Diploma
Carrie,Marie,Underwood,,Carrie Underwood,3/10/83,"Muskogee, Oklahoma",Female,White,140000000,"Northeastern State Universit, Oklahoma",Bachelor Degree
Christopher,Alvin,Stapleton,,Chris Stapleton,4/15/78,"Lexington, Kentucky",Male,White,25000000,"Johnson Central High School, Kentucky",Diploma
Colden,Rainey,Swindell,,Cole Swindell,6/30/83,"Franklin, Tennessee",Male,White,3000000,"Georgia Southern University, Georgia",Bachelor Degree
James,Shay,Mooney,,Dan + Shay,12/27/91,"Natural Dam, Arkansas",Male,White,5000000,"Van Buren High School, Arkansas",Diploma
Daniel,,Smyers,Dan,Dan + Shay,8/16/87,"Wexford, Pennsylvania",Male,White,5000000,"Carnegie Mellon University, Pennsylvania",Bachelor Degree
Frederick,Dierk,Bentley,,Dierks Bently,11/20/75,"Phoenix, Arizona",Male,White,30000000,"Vanderbilt University, Tennessee",Bachelor Degree
Kenneth,Eric,Church,,Eric Church,5/3/77,"Granite Falls, North Carolina",Male,White,40000000,"Appalachian State University, North Carolina",Bachelor Degree
Tyler,Reed,Hubbard,,Florida Georgia Line,1/31/87,"Monroe, Georgia",Male,White,25000000,Loganville Christian Academy,Diploma
Brian,Edward,Kelley,,Florida Georgia Line,8/26/85,"Ormond Beach, Florida",Male,White,25000000,Seabreeze High School,Diploma
Jason,Aldine,Williams,,Jason Aldean,2/28/77,"Macon, Georgia",Male,White,170000000,Windsor Academy,Diploma
Jonathan,Ryan,Pardi,,Jon Pardi,5/20/85,"Dixon, California",Male,White,8000000,"Dixon High School, California",Diploma
Justin,Cole,Moore,,Justin Moore,3/30/84,"Poyen, Arkansas",Male,White,10000000,"Poyen High, Arkansas",Diploma
Kane,Allen,Brown,,Kane Brown,10/21/93,"Chattanooga, Tennessee",Male,Multiracial,6000000,"Soddy Daisy High School, Tennesse",Diploma
Keith,Lionel,Urban,,Keith Urban,10/26/67,"Whangāre, New Zealand",Male,Pākehā,75000000,High School Drop Out,
Kenneth,Arnold,Chesney,,Kenny Chesney,3/26/68,"Knoxville, Tennessee",Male,White,190000000,"Gibbs High School, Tennessee",Diploma
David,Wesley,Haywood,,Lady Antebellum,7/5/82,"Augusta, Georgia",Male,White,25000000,"University Of Georgia, Georgia",Bachelor Degree
Charles,Burgess,Kelley,,Lady Antebellum,9/11/81,"Augusta, Georgia",Male,White,25000000,"University Of Georgia, Georgia",Bachelor Degree
Hillary,Dawn,Scott-Tyrrell,,Lady Antebellum,4/1/86,"Nashville, Tennessee",Female,White,25000000,"Donelson Christian Academy, Tennessee",Diploma
Karen,,Fairchild,,Little Big Town,9/28/69,"Gary, Indiana",Female,White,15000000,"Samford University, Alabama",Bachelor Degree
Kimbely,,Schlapman,,Little Big Town,10/15/69,"Toccoa, Georgia",Female,White,5000000,University of Tennesse,Bachelor Degree
Phillip,,Sweet,,Little Big Town,3/18/74,Tennessee,Male,White,5000000,"Arkansas State University, Askansa",Bachelor Degree
Jimi,,Westbrook,,Little Big Town,10/20/71,"Sumiton, Alabama",Male,White,5000000,"Dora High School, Alabama",Diploma
Thomas,Luther,Bryan,Luke,Luke Bryan,7/17/76,"Leesburg, Georgia",Male,White,160000000,Georgia Southern University,Bachelor Degree
Luke,Albert,Combs,,Luke Combs,3/2/90,"Huntersville, North Carolina",Male,White,20000000,"A. C. Reynolds High School, North Carolina",Diploma
Maren,Larae,Morris,,Maren Morris,4/10/90,"Arlington, Terxas",Female,White,8000000,"University of North Texas, Texas",Bachelor Degree
Miranda,Leigh,Lambert,,Mirand Labert,11/10/83,"Longview, Texas",Female,White,60000000,"Lindale High School, Texas",Diploma
Morgan,Cole,Wallen,,Morgan Wallen,5/13/93,"Sneedville, Tennesse",Male,White,12000000,"Gibbs High School, Tennessee",Diploma
Sam,Lowry,Hunt,,Sam Hunt,12/8/84,"Cedartown, Georgia",Male,White,3000000,"University of Alabama, Alabama",Bachelor Degree
Taylor,Alison,Swift,,Taylor Swift,12/13/89,"West Reading, Pennsylvania",Female,White,1400000000,"New York University, New York",Ph.D
Kimbely,Marie,Perry,,The Band Perry,7/12/83,,Female,White,15000000,Cottage Hill Christian Academy,Diploma
Reid,Hogan,Perry,,The Band Perry,11/17/88,"Jackson, Mississippi",Male,White,5000000,Not Disclosed to the public,
Neil,Clark,Perry,,The Band Perry,7/23/90,"Jackson, Mississippi",Male,White,18000000,Not Disclosed to the public,
Thomas,Rhett,Akins Jr,,Thomas Rhett,3/30/90,"Valdosa, Georgia",Male,White,8000000,"Lowndes High School, Georgia",Diploma
Samuel,Timothy,McGraw,,Tim McGraw,5/1/67,"Delhi, Louisiana",Male,White,200000000,"Monroe Christian High School, Washington",Diploma
Coy,,Bowles,,Zac Brown Band,2/20/79,"Thomaston, Georgia",Male,White,25000000,Georgia State University,Bachelor Degree
Zachry,Alexander,Brown,,Zac Brown Band,7/31/78,"Atlanta, Georgia",Male,White,50000000,Lumpkin County High School,Diploma
Douglas,,Cook,Clay,Zac Brown Band,4/20/78,"Atlanta, Georgia",Male,White,5000000,"South Gwinnett High School, Georgia",Diploma
Jimmy,,De Martini,,Zac Brown Band,8/3/76,"Marietta, Georgia",Male,White,23500000,,Diploma
Chris,,Fryar,,Zac Brown Band,11/22/70,"Gardendale, Alabama",Male,White,5000000,Gardendale High School,Diploma
John,Driskell,Hopkins,,Zac Brown Band,5/3/71,"Gainesville, Georgia",Male,White,25000000,Florida State University,Bachelor Degree
Caroline,,Jones,,Zac Brown Band,6/30/90,"New York, New York",Female,White,10000000,New York University,Bachelor Degree
Matt,,Mangano,,Zac Brown Band,5/12/76,"Visalia, California",Male,White,1400000,Berklee College,Bachelor Degree
Daniel,de los,Reyes,,Zac Brown Band,7/18/62,"New York, New York",Male,Hispanic,3000000,"Valley High School, Nevada",Diploma